time,flux
1.438266301788928786e+03,1.000087499618530273e+00
1.438287135563376978e+03,9.995643496513366699e-01
1.438307969336438418e+03,9.993320703506469727e-01
1.438328803108080592e+03,1.000168323516845703e+00
1.438349636878276215e+03,1.000022411346435547e+00
1.438370470646971398e+03,9.998461008071899414e-01
1.438391304414154092e+03,9.996648430824279785e-01
1.438412138179777685e+03,9.990698099136352539e-01
1.438432971943827852e+03,9.998960494995117188e-01
1.438453805706291405e+03,9.998775720596313477e-01
1.438474639467129464e+03,9.993856549263000488e-01
1.438516306983903178e+03,9.993510246276855469e-01
1.438537140739800179e+03,9.996155500411987305e-01
1.438557974494035761e+03,9.996252059936523438e-01
1.438578808246579911e+03,1.000068068504333496e+00
1.438599641997434219e+03,1.000176548957824707e+00
1.438682976983865956e+03,9.997231364250183105e-01
1.438703810726198981e+03,1.000271677970886230e+00
1.438724644466820791e+03,9.996510148048400879e-01
1.438787145678438264e+03,9.996434450149536133e-01
1.438807979412218629e+03,1.000350236892700195e+00
1.438828813144293235e+03,9.997852444648742676e-01
1.438995482939945077e+03,9.996685981750488281e-01
1.439016316656854997e+03,9.994369149208068848e-01
1.439037150372094402e+03,9.999427795410156250e-01
1.439057984085689441e+03,9.998377561569213867e-01
1.439078817797626243e+03,1.000012636184692383e+00
1.439099651507920498e+03,9.993192553520202637e-01
1.439120485216588577e+03,9.996404051780700684e-01
1.439141318923617746e+03,9.996827840805053711e-01
1.439162152629023467e+03,1.000100612640380859e+00
1.439182986332822566e+03,9.994264841079711914e-01
1.439203820035002309e+03,9.999509453773498535e-01
1.439224653735588390e+03,9.998030662536621094e-01
1.439245487434568076e+03,1.000197410583496094e+00
1.439266321131958193e+03,9.998301267623901367e-01
1.439287154827774884e+03,9.998875856399536133e-01
1.439307988522004962e+03,1.000026941299438477e+00
1.439349655905773716e+03,1.000343799591064453e+00
1.439370489595315121e+03,9.995062351226806641e-01
1.439391323283316979e+03,1.000441789627075195e+00
1.439412156969766102e+03,9.998285770416259766e-01
1.439453824338071399e+03,9.997891187667846680e-01
1.439474658019930985e+03,9.999225139617919922e-01
1.439495491700283765e+03,1.000015020370483398e+00
1.439516325379116324e+03,1.000294446945190430e+00
1.439537159056444807e+03,9.997125864028930664e-01
1.439557992732286039e+03,1.000078558921813965e+00
1.439578826406625922e+03,9.997364878654479980e-01
1.439599660079480600e+03,9.997397065162658691e-01
1.439620493750866899e+03,9.998340010643005371e-01
1.439641327420770267e+03,1.000295758247375488e+00
1.439662161089217079e+03,9.995479583740234375e-01
1.439682994756193239e+03,9.999137520790100098e-01
1.439703828421714661e+03,1.000198006629943848e+00
1.439724662085797718e+03,9.997943043708801270e-01
1.439745495748427402e+03,9.996003508567810059e-01
1.439766329409620084e+03,1.000219583511352539e+00
1.439787163069391227e+03,9.995574951171875000e-01
1.439807996727726504e+03,1.000007271766662598e+00
1.439828830384651837e+03,1.000017404556274414e+00
1.439849664040151993e+03,9.999904036521911621e-01
1.439870497694243113e+03,9.999822974205017090e-01
1.439891331346940433e+03,9.997915625572204590e-01
1.439912164998228945e+03,9.993153810501098633e-01
1.439932998648134117e+03,9.997519850730895996e-01
1.439953832296641167e+03,1.000011801719665527e+00
1.439974665943765785e+03,9.999526143074035645e-01
1.439995499589521842e+03,9.996532797813415527e-01
1.440016333233895011e+03,9.998040199279785156e-01
1.440037166876910533e+03,1.000196456909179688e+00
1.440058000518552944e+03,1.000105619430541992e+00
1.440078834158836798e+03,9.995118975639343262e-01
1.440099667797777556e+03,9.997476339340209961e-01
1.440120501435359529e+03,9.997528791427612305e-01
1.440141335071597041e+03,9.995669126510620117e-01
1.440162168706505327e+03,9.995689392089843750e-01
1.440183002340068697e+03,9.999310970306396484e-01
1.440203835972311481e+03,9.999031424522399902e-01
1.440224669603219809e+03,9.998097419738769531e-01
1.440245503232806186e+03,1.000479102134704590e+00
1.440266336861083346e+03,1.000512361526489258e+00
1.440287170488037646e+03,1.000292420387268066e+00
1.440308004113692959e+03,1.000253081321716309e+00
1.440328837738033144e+03,1.000153899192810059e+00
1.440349671361072978e+03,9.999070763587951660e-01
1.440370504982826105e+03,9.996009469032287598e-01
1.440391338603276154e+03,9.994777441024780273e-01
1.440412172222447907e+03,9.997501969337463379e-01
1.440433005840324540e+03,9.972544908523559570e-01
1.440453839456919923e+03,9.840260744094848633e-01
1.440474673072248379e+03,9.647707343101501465e-01
1.440495506686293538e+03,9.423390030860900879e-01
1.440516340299068361e+03,9.232703447341918945e-01
1.440537173910587398e+03,9.129840135574340820e-01
1.440558007520834053e+03,9.121567606925964355e-01
1.440578841129831062e+03,9.225828051567077637e-01
1.440599674737563191e+03,9.402893781661987305e-01
1.440620508344043401e+03,9.618330597877502441e-01
1.440641341949284424e+03,9.822349548339843750e-01
1.440662175553270799e+03,9.973504543304443359e-01
1.440683009156025264e+03,1.000405192375183105e+00
1.440703842757530538e+03,9.995811581611633301e-01
1.440724676357801400e+03,9.905325770378112793e-01
1.440745509956849901e+03,9.741594195365905762e-01
1.440766343554658988e+03,9.547169208526611328e-01
1.440787177151242986e+03,9.356865286827087402e-01
1.440808010746613945e+03,9.199032783508300781e-01
1.440828844340755040e+03,9.107621908187866211e-01
1.440849677933689918e+03,9.099252223968505859e-01
1.440870511525401071e+03,9.182211756706237793e-01
1.440891345115901458e+03,9.324419498443603516e-01
1.440912178705204269e+03,9.515823721885681152e-01
1.440933012293291995e+03,9.709270000457763672e-01
1.440953845880188055e+03,9.887277483940124512e-01
1.441287183109130638e+03,9.996504783630371094e-01
1.441308016675993713e+03,9.989903569221496582e-01
1.441328850241691271e+03,9.993767738342285156e-01
1.441412184492970027e+03,9.996487498283386230e-01
1.441433018052928219e+03,9.994240403175354004e-01
1.441474685169407621e+03,9.994795322418212891e-01
1.441495518725932016e+03,9.993149042129516602e-01
1.441537185835582932e+03,1.000000357627868652e+00
1.441558019388702178e+03,9.996920228004455566e-01
1.441578852940700926e+03,9.997038245201110840e-01
1.441599686491560988e+03,1.000539898872375488e+00
1.441620520041293048e+03,9.998816847801208496e-01
1.441641353589910523e+03,1.000058531761169434e+00
1.441662187137394767e+03,1.000181794166564941e+00
1.441683020683767154e+03,1.000290513038635254e+00
1.441703854229010176e+03,1.000132322311401367e+00
1.441724687773135884e+03,9.999669194221496582e-01
1.441745521316154736e+03,9.998496770858764648e-01
1.441766354858050136e+03,1.000209569931030273e+00
1.441787188398842773e+03,9.997044801712036133e-01
1.441808021938515139e+03,9.998471736907958984e-01
1.441828855477088609e+03,9.998366832733154297e-01
1.441849689014544538e+03,9.996958374977111816e-01
1.441870522550895430e+03,1.000021338462829590e+00
1.441891356086152427e+03,9.996011257171630859e-01
1.441912189620296886e+03,9.996531605720520020e-01
1.441933023153351314e+03,9.998379945755004883e-01
1.441953856685296614e+03,9.998519420623779297e-01
1.441974690216144609e+03,9.998275041580200195e-01
1.441995523745907121e+03,9.998075962066650391e-01
1.442016357274565280e+03,9.998272061347961426e-01
1.442037190802140913e+03,1.000167369842529297e+00
1.442058024328615375e+03,9.995199441909790039e-01
1.442078857854000489e+03,1.000053286552429199e+00
1.442099691378307398e+03,9.998444318771362305e-01
1.442120524901517911e+03,1.000096678733825684e+00
1.442141358423643396e+03,1.000446319580078125e+00
1.442162191944694996e+03,9.994871020317077637e-01
1.442183025464654520e+03,1.000358581542968750e+00
1.442203858983542887e+03,1.000399947166442871e+00
1.442224692501342133e+03,1.000317811965942383e+00
1.442245526018073633e+03,9.996168613433837891e-01
1.442266359533718287e+03,1.000048995018005371e+00
1.442287193048287691e+03,1.000520348548889160e+00
1.442308026561793440e+03,9.997215270996093750e-01
1.442328860074216209e+03,9.999476671218872070e-01
1.442349693585578052e+03,1.000267505645751953e+00
1.442370527095859643e+03,1.000300645828247070e+00
1.442391360605072578e+03,9.999111890792846680e-01
1.442412194113228452e+03,9.999955296516418457e-01
1.442433027620307939e+03,9.998708367347717285e-01
1.442453861126332413e+03,1.000005960464477539e+00
1.442474694631283455e+03,9.998072385787963867e-01
1.442495528135182212e+03,9.997518658638000488e-01
1.442516361638009357e+03,9.998701810836791992e-01
1.442537195139776713e+03,1.000042200088500977e+00
1.442558028640495195e+03,9.998827576637268066e-01
1.442578862140145702e+03,1.000002861022949219e+00
1.442599695638750063e+03,9.998602867126464844e-01
1.442620529136289178e+03,1.000204443931579590e+00
1.442641362632773507e+03,9.999626278877258301e-01
1.442662196128214873e+03,1.000341892242431641e+00
1.442683029622594859e+03,1.000105500221252441e+00
1.442703863115923241e+03,1.000594258308410645e+00
1.442724696608211843e+03,9.999989867210388184e-01
1.442745530099442249e+03,9.997845888137817383e-01
1.442766363589634466e+03,1.000134587287902832e+00
1.442787197078770077e+03,1.000017285346984863e+00
1.442808030566870457e+03,1.000017404556274414e+00
1.442828864053916277e+03,1.000468134880065918e+00
1.442849697539918225e+03,9.996677637100219727e-01
1.442870531024887669e+03,1.000089764595031738e+00
1.442891364508806191e+03,9.999909400939941406e-01
1.442912197991693802e+03,1.000252842903137207e+00
1.442933031473531400e+03,1.000156402587890625e+00
1.442953864954331266e+03,9.999322295188903809e-01
1.442974698434103175e+03,9.998510479927062988e-01
1.442995531912828028e+03,1.000531911849975586e+00
1.443016365390527653e+03,1.000286340713500977e+00
1.443037198867182724e+03,1.000271201133728027e+00
1.443058032342803244e+03,1.000342130661010742e+00
1.443078865817401265e+03,1.000248908996582031e+00
1.443099699290967237e+03,1.000052213668823242e+00
1.443120532763492065e+03,9.999023675918579102e-01
1.443141366234986208e+03,1.000371456146240234e+00
1.443162199705461262e+03,9.998652338981628418e-01
1.443183033174897673e+03,1.000129461288452148e+00
1.443203866643306583e+03,1.000585913658142090e+00
1.443224700110698677e+03,1.000512003898620605e+00
1.443245533577054402e+03,1.000210404396057129e+00
1.443266367042395359e+03,1.000197529792785645e+00
1.443287200506701993e+03,1.000277876853942871e+00
1.443308033969994995e+03,1.000239014625549316e+00
1.443328867432255265e+03,1.000194430351257324e+00
1.443349700893493718e+03,9.998871684074401855e-01
1.443370534353721041e+03,1.000053405761718750e+00
1.443391367812917679e+03,1.000187873840332031e+00
1.443412201271105005e+03,1.000046372413635254e+00
1.443433034728263692e+03,1.000433206558227539e+00
1.443453868184403973e+03,1.000249385833740234e+00
1.443474701639537216e+03,1.000246763229370117e+00
1.443495535093643639e+03,9.998230934143066406e-01
1.443516368546744161e+03,1.000100731849670410e+00
1.443537201998819910e+03,1.000281214714050293e+00
1.443558035449890895e+03,1.000325798988342285e+00
1.443578868899938698e+03,1.000367164611816406e+00
1.443599702348973096e+03,9.999797344207763672e-01
1.443620535797005687e+03,9.999412298202514648e-01
1.443641369244016460e+03,9.996374249458312988e-01
1.443662202690026561e+03,1.000300645828247070e+00
1.443683036135016209e+03,1.000281333923339844e+00
1.443703869578996319e+03,1.000038146972656250e+00
1.443724703021977803e+03,1.000016093254089355e+00
1.443745536463940653e+03,9.999936819076538086e-01
1.443766369904906242e+03,1.000243425369262695e+00
1.443787203344854788e+03,1.000017285346984863e+00
1.443808036783806983e+03,1.000218510627746582e+00
1.443828870221743728e+03,9.999308586120605469e-01
1.443849703658675253e+03,1.000411629676818848e+00
1.443870537094612246e+03,9.998199343681335449e-01
1.443891370529535834e+03,1.000315308570861816e+00
1.443912203963466027e+03,1.000087261199951172e+00
1.443933037396383270e+03,9.998948574066162109e-01
1.443953870828298932e+03,1.000244617462158203e+00
1.443974704259222563e+03,9.997488260269165039e-01
1.444099704823729098e+03,9.995912313461303711e-01
1.444141371670582430e+03,9.998804330825805664e-01
1.444162205092519116e+03,1.000136852264404297e+00
1.444183038513449446e+03,9.997237920761108398e-01
1.444203871933394794e+03,1.000403404235839844e+00
1.444224705352335604e+03,9.998959898948669434e-01
1.444245538770281200e+03,1.000362157821655273e+00
1.444266372187243633e+03,9.997048974037170410e-01
1.444287205603202892e+03,1.000020742416381836e+00
1.444308039018178761e+03,1.000590085983276367e+00
1.444328872432152593e+03,9.996561408042907715e-01
1.444349705845144626e+03,9.998633265495300293e-01
1.444370539257135079e+03,1.000179290771484375e+00
1.444391372668134863e+03,9.997707009315490723e-01
1.444412206078154213e+03,1.000535249710083008e+00
1.444433039487173346e+03,1.000374197959899902e+00
1.444453872895213181e+03,9.997411370277404785e-01
1.444474706302253708e+03,1.000071406364440918e+00
1.444495539708306069e+03,1.000069022178649902e+00
1.444516373113380041e+03,1.000487327575683594e+00
1.444537206517456298e+03,9.999482631683349609e-01
1.444558039920555530e+03,1.000075459480285645e+00
1.444578873322657955e+03,1.000374674797058105e+00
1.444599706723783811e+03,1.000130176544189453e+00
1.444620540123913543e+03,1.000222325325012207e+00
1.444641373523067841e+03,9.996965527534484863e-01
1.444662206921227380e+03,9.997508525848388672e-01
1.444683040318401709e+03,9.999439716339111328e-01
1.444703873714601741e+03,9.996094107627868652e-01
1.444724707109853625e+03,1.000137567520141602e+00
1.444745540504127121e+03,1.000186324119567871e+00
1.444766373897367430e+03,1.000204205513000488e+00
1.444787207289635035e+03,1.000584721565246582e+00
1.444808040680910608e+03,1.000409960746765137e+00
1.444828874071204154e+03,9.999017119407653809e-01
1.444849707460525906e+03,1.000342249870300293e+00
1.444870540848856535e+03,9.998855590820312500e-01
1.444891374236216507e+03,9.998052716255187988e-01
1.444912207622585811e+03,9.998750686645507812e-01
1.444933041007985139e+03,1.000225067138671875e+00
1.444953874392394937e+03,9.999816417694091797e-01
1.444974707775824982e+03,1.000071167945861816e+00
1.444995541158286187e+03,1.000043272972106934e+00
1.445016374539758772e+03,1.000456929206848145e+00
1.445037207920262745e+03,1.000094294548034668e+00
1.445058041299779006e+03,1.000213265419006348e+00
1.445078874678327793e+03,9.997010231018066406e-01
1.445099708055888868e+03,9.998607635498046875e-01
1.445120541432473146e+03,1.000230312347412109e+00
1.445141374808090859e+03,9.999684691429138184e-01
1.445162208182721997e+03,1.000151991844177246e+00
1.445183041556387252e+03,1.000101804733276367e+00
1.445203874929067069e+03,9.996947050094604492e-01
1.445224708300781231e+03,9.999315142631530762e-01
1.445245541671510182e+03,9.999395608901977539e-01
1.445266375041264837e+03,1.000364303588867188e+00
1.445287208410054973e+03,1.000106453895568848e+00
1.445308041777860353e+03,9.997344017028808594e-01
1.445328875144702579e+03,1.000579237937927246e+00
1.445349708510561186e+03,1.000651240348815918e+00
1.445370541875456183e+03,9.997262358665466309e-01
1.445391375239368699e+03,1.000288248062133789e+00
1.445412208602308283e+03,1.000063180923461914e+00
1.445433041964285394e+03,9.998673796653747559e-01
1.445453875325280478e+03,9.960664510726928711e-01
1.445474708685313999e+03,9.806261062622070312e-01
1.445495542044365948e+03,9.583575725555419922e-01
1.445516375402456561e+03,9.355135560035705566e-01
1.445537208759566056e+03,9.172009229660034180e-01
1.445558042115705121e+03,9.060714244842529297e-01
1.445578875470883759e+03,9.082601666450500488e-01
1.445599708825081962e+03,9.210746884346008301e-01
1.445620542178320420e+03,9.417082071304321289e-01
1.445641375530579353e+03,9.649807214736938477e-01
1.445662208881878541e+03,9.855703115463256836e-01
1.445683042232199114e+03,9.985825419425964355e-01
1.445703875581550619e+03,9.995919466018676758e-01
1.445724708929943290e+03,1.000430703163146973e+00
1.445745542277357799e+03,1.000411868095397949e+00
1.445766375623813929e+03,1.000126361846923828e+00
1.445787208969292806e+03,1.000640869140625000e+00
1.445808042313813758e+03,1.000023603439331055e+00
1.445828875657357003e+03,1.000293731689453125e+00
1.445849708999943459e+03,1.000849127769470215e+00
1.445870542341553346e+03,1.000219583511352539e+00
1.445891375682195985e+03,1.000080943107604980e+00
1.445912209021882745e+03,1.000013351440429688e+00
1.445933042360593390e+03,1.000342369079589844e+00
1.445953875698347929e+03,1.000298380851745605e+00
1.445974709035126352e+03,1.000385642051696777e+00
1.445995542370949806e+03,1.000252366065979004e+00
1.446016375705798282e+03,1.000439643859863281e+00
1.446037209039681329e+03,1.000413894653320312e+00
1.446058042372609862e+03,1.000309467315673828e+00
1.446078875704563643e+03,1.000058650970458984e+00
1.446099709035563365e+03,1.000351667404174805e+00
1.446120542365589017e+03,9.999220371246337891e-01
1.446141375694660837e+03,1.000042080879211426e+00
1.446162209022758816e+03,1.000331640243530273e+00
1.446183042349903872e+03,1.000106692314147949e+00
1.446203875676075540e+03,1.000675559043884277e+00
1.446224709001284282e+03,1.000098109245300293e+00
1.446245542325540328e+03,1.000426054000854492e+00
1.446266375648824123e+03,1.000173926353454590e+00
1.446287208971155223e+03,9.997615218162536621e-01
1.446308042292514756e+03,9.998451471328735352e-01
1.446328875612912270e+03,1.000095129013061523e+00
1.446349708932358453e+03,1.000645637512207031e+00
1.446370542250843073e+03,9.995264410972595215e-01
1.446391375568357034e+03,1.000406622886657715e+00
1.446412208884919892e+03,9.996238946914672852e-01
1.446433042200511636e+03,1.000100255012512207e+00
1.446453875515143636e+03,9.999298453330993652e-01
1.446474708828824760e+03,1.000431656837463379e+00
1.446495542141536589e+03,1.000229597091674805e+00
1.446516375453298451e+03,9.997102618217468262e-01
1.446537208764090792e+03,1.000471711158752441e+00
1.446558042073924071e+03,1.000269532203674316e+00
1.446578875382808292e+03,1.000183701515197754e+00
1.446599708690723673e+03,9.998870491981506348e-01
1.446620541997690680e+03,9.997389912605285645e-01
1.446641375303689074e+03,1.000077486038208008e+00
1.446683041912822773e+03,1.000223994255065918e+00
1.446703875215958078e+03,9.994823932647705078e-01
1.446724708518126135e+03,1.000208973884582520e+00
1.446745541819347181e+03,1.000077724456787109e+00
1.446766375119601435e+03,9.999000430107116699e-01
1.446787208418899127e+03,1.000120759010314941e+00
1.446808041717250717e+03,1.000241398811340332e+00
1.446828875014636196e+03,1.000085473060607910e+00
1.446849708311076029e+03,1.000159502029418945e+00
1.446870541606550432e+03,1.000187039375305176e+00
1.446891374901069867e+03,9.999263882637023926e-01
1.446912208194643881e+03,9.996771812438964844e-01
1.446933041487254059e+03,9.994791746139526367e-01
1.446953874778919499e+03,9.996958971023559570e-01
1.446974708069630879e+03,9.998460412025451660e-01
1.446995541359378876e+03,1.000257253646850586e+00
1.447016374648173723e+03,9.999911189079284668e-01
1.447078874508873014e+03,1.000040292739868164e+00
1.447099707793868902e+03,1.000514149665832520e+00
1.447120541077901635e+03,1.000141859054565430e+00
1.447162207643123338e+03,1.000093221664428711e+00
1.447183040924312991e+03,1.000218749046325684e+00
1.447203874204542217e+03,9.997053146362304688e-01
1.447224707483831708e+03,1.000169277191162109e+00
1.447245540762161681e+03,1.000614285469055176e+00
1.447266374039552375e+03,1.000447034835815430e+00
1.447287207315984233e+03,9.996119737625122070e-01
1.447308040591477948e+03,1.000009775161743164e+00
1.447328873866013964e+03,1.000140309333801270e+00
1.447349707139612292e+03,1.000331521034240723e+00
1.447370540412253376e+03,1.000419020652770996e+00
1.447391373683948359e+03,1.000116944313049316e+00
1.447412206954707017e+03,1.000507235527038574e+00
1.447433040224510023e+03,1.000250816345214844e+00
1.447453873493377841e+03,1.000638246536254883e+00
1.447474706761291600e+03,1.000655770301818848e+00
1.447495540028260848e+03,1.000687360763549805e+00
1.447516373294296500e+03,1.000332355499267578e+00
1.447537206559389233e+03,9.998646378517150879e-01
1.447558039823530180e+03,1.000449538230895996e+00
1.447578873086728208e+03,1.000579476356506348e+00
1.447599706348995824e+03,1.000678300857543945e+00
1.447620539610312790e+03,9.997977614402770996e-01
1.447641372870699570e+03,1.000080585479736328e+00
1.447662206130136838e+03,9.997667670249938965e-01
1.447683039388645966e+03,1.000453591346740723e+00
1.447703872646206946e+03,1.000575661659240723e+00
1.447724705902840469e+03,1.000297784805297852e+00
1.447745539158527890e+03,1.000373959541320801e+00
1.447766372413279214e+03,9.998527765274047852e-01
1.447787205667106036e+03,1.000168323516845703e+00
1.447808038919988576e+03,1.000178456306457520e+00
1.447828872171947978e+03,9.997805356979370117e-01
1.447849705422964689e+03,1.000140309333801270e+00
1.447870538673060082e+03,1.000143766403198242e+00
1.447891371922214830e+03,1.000366449356079102e+00
1.447912205170449624e+03,1.000420331954956055e+00
1.447933038417746275e+03,1.000224113464355469e+00
1.447953871664115013e+03,1.000114202499389648e+00
1.447974704909566753e+03,1.000211358070373535e+00
1.447995538154083761e+03,1.000296711921691895e+00
1.448016371397686044e+03,1.000104427337646484e+00
1.448037204640354730e+03,1.000429391860961914e+00
1.448058037882111648e+03,1.000156164169311523e+00
1.448078871122937926e+03,1.000037789344787598e+00
1.448099704362854027e+03,1.000131726264953613e+00
1.448120537601842443e+03,1.001215577125549316e+00
1.448141370839923866e+03,9.949278831481933594e-01
1.448162204077079650e+03,9.796435236930847168e-01
1.448183037313321847e+03,9.598717689514160156e-01
1.448203870548661371e+03,9.386314749717712402e-01
1.448224703783079804e+03,9.200330376625061035e-01
1.448245537016598973e+03,9.081839323043823242e-01
1.448266370249200691e+03,9.058749675750732422e-01
1.448287203480906328e+03,9.128435850143432617e-01
1.448308036711697923e+03,9.275418519973754883e-01
1.448328869941597532e+03,9.473328590393066406e-01
1.448349703170586508e+03,9.688606262207031250e-01
1.448370536398687364e+03,9.876016974449157715e-01
1.448391369625881907e+03,9.985664486885070801e-01
1.448412202852192422e+03,1.000316262245178223e+00
1.448433036077600946e+03,9.999073743820190430e-01
1.448453869302119983e+03,1.000376224517822266e+00
1.448474702525761813e+03,9.999378323554992676e-01
1.448495535748509155e+03,1.000008821487426758e+00
1.448516368970384065e+03,1.000214219093322754e+00
1.448537202191369488e+03,9.999117255210876465e-01
1.448558035411488390e+03,1.000743865966796875e+00
1.448578868630723264e+03,9.999713897705078125e-01
1.448599701849097528e+03,1.000279188156127930e+00
1.448620535066594130e+03,9.999183416366577148e-01
1.448641368283236261e+03,9.995895624160766602e-01
1.448662201499006869e+03,1.000132799148559570e+00
1.448683034713919824e+03,1.000059366226196289e+00
1.448703867927988767e+03,1.000707387924194336e+00
1.448724701141197102e+03,1.000086188316345215e+00
1.448745534353569155e+03,1.000697851181030273e+00
1.448766367565088558e+03,1.000445723533630371e+00
1.448787200775779411e+03,1.000545382499694824e+00
1.448808033985626480e+03,1.000018715858459473e+00
1.448828867194654322e+03,1.000356674194335938e+00
1.448849700402847020e+03,1.000256061553955078e+00
1.448870533610230041e+03,1.000322341918945312e+00
1.448891366816788604e+03,1.000104904174804688e+00
1.448912200022547495e+03,1.000469803810119629e+00
1.448933033227491933e+03,9.999934434890747070e-01
1.448953866431638971e+03,1.000382542610168457e+00
1.448974699635003617e+03,1.000548958778381348e+00
1.448995532837571773e+03,1.000031709671020508e+00
1.449016366039370723e+03,1.000150918960571289e+00
1.449037199240387281e+03,1.000392913818359375e+00
1.449058032440647366e+03,9.998897910118103027e-01
1.449078865640139384e+03,1.000177502632141113e+00
1.449099698838890617e+03,1.000199317932128906e+00
1.449120532036889017e+03,1.000175952911376953e+00
1.449141365234163004e+03,1.000616192817687988e+00
1.449162198430700982e+03,9.998707175254821777e-01
1.449183031626532056e+03,9.999841451644897461e-01
1.449203864821645993e+03,1.000000357627868652e+00
1.449224698016062121e+03,1.000119209289550781e+00
1.449245531209800902e+03,1.000360369682312012e+00
1.449266364402853242e+03,9.999861717224121094e-01
1.449287197595250063e+03,1.000199556350708008e+00
1.449308030786982954e+03,1.000404357910156250e+00
1.449328863978084428e+03,1.000064849853515625e+00
1.449349697168547436e+03,1.000520229339599609e+00
1.449370530358404949e+03,1.000856757164001465e+00
1.449391363547650826e+03,1.000364542007446289e+00
1.449412196736319629e+03,1.000170826911926270e+00
1.449433029924407492e+03,1.000147700309753418e+00
1.449453863111949431e+03,1.000160574913024902e+00
1.449474696298942035e+03,1.000301003456115723e+00
1.449495529485413954e+03,1.000113129615783691e+00
1.449516362671392471e+03,9.998655319213867188e-01
1.449537195856876679e+03,1.000435233116149902e+00
1.449558029041907730e+03,9.993914365768432617e-01
1.449578862226486081e+03,1.000126004219055176e+00
1.449599695410653112e+03,9.992584586143493652e-01
1.449620528594413145e+03,9.994706511497497559e-01
1.449641361777810062e+03,1.000335574150085449e+00
1.449662194960848865e+03,9.998374581336975098e-01
1.449683028143577076e+03,9.998314976692199707e-01
1.449703861326001970e+03,9.993121623992919922e-01
1.449724694508173570e+03,9.998487830162048340e-01
1.449745527690102108e+03,9.997007250785827637e-01
1.449766360871840561e+03,9.989911913871765137e-01
1.449787194053402800e+03,9.995517730712890625e-01
1.449808027234844303e+03,9.996512532234191895e-01
1.449828860416183488e+03,9.993730783462524414e-01
1.449849693597469013e+03,9.995582699775695801e-01
1.449870526778752264e+03,9.992097616195678711e-01
1.449891359960057798e+03,9.994781613349914551e-01
1.449912193141450643e+03,9.989871978759765625e-01
1.449933026322958767e+03,9.989132881164550781e-01
1.449953859504653565e+03,9.992161393165588379e-01
1.451683020674728823e+03,1.000558376312255859e+00
1.451703853993285293e+03,1.000297427177429199e+00
1.451724687310219679e+03,1.000569343566894531e+00
1.451745520625523568e+03,1.000414133071899414e+00
1.451766353939150349e+03,1.000568509101867676e+00
1.451787187251096384e+03,1.000031590461730957e+00
1.451808020561323247e+03,1.000697493553161621e+00
1.451828853869833210e+03,1.000254392623901367e+00
1.451849687176591715e+03,1.000328540802001953e+00
1.451870520481596486e+03,1.000077605247497559e+00
1.451891353784847524e+03,1.000058770179748535e+00
1.451912187086326412e+03,1.000955104827880859e+00
1.451933020386016324e+03,1.000646114349365234e+00
1.451953853683932721e+03,1.000911951065063477e+00
1.451974686980051274e+03,9.995973110198974609e-01
1.451995520274390628e+03,1.000545024871826172e+00
1.452016353566928956e+03,1.000166177749633789e+00
1.452037186857676033e+03,1.000553369522094727e+00
1.452078853433812128e+03,9.997214078903198242e-01
1.452099686719205238e+03,1.000238418579101562e+00
1.452120520002815738e+03,1.000059723854064941e+00
1.452141353284636807e+03,1.000496625900268555e+00
1.452162186564684589e+03,1.000152349472045898e+00
1.452183019842972271e+03,1.000355124473571777e+00
1.452203853119485530e+03,1.000529646873474121e+00
1.452224686394250966e+03,9.998819828033447266e-01
1.452245519667254257e+03,1.000520825386047363e+00
1.452266352938521095e+03,1.000065565109252930e+00
1.452287186208038747e+03,1.000420331954956055e+00
1.452328852741894934e+03,1.000580072402954102e+00
1.452349686006247111e+03,1.000341296195983887e+00
1.452370519268879207e+03,1.000152349472045898e+00
1.452391352529818278e+03,1.000259280204772949e+00
1.452433019046608706e+03,1.000208735466003418e+00
1.452453852302475525e+03,9.997134208679199219e-01
1.452474685556680242e+03,1.000448107719421387e+00
1.452495518809211944e+03,9.997975230216979980e-01
1.452516352060097461e+03,9.996756315231323242e-01
1.452537185309324514e+03,1.000384926795959473e+00
1.452558018556922207e+03,1.000419259071350098e+00
1.452578851802878035e+03,1.000287532806396484e+00
1.452599685047219509e+03,1.000383138656616211e+00
1.452620518289934353e+03,1.000000953674316406e+00
1.452641351531041664e+03,9.997300505638122559e-01
1.452662184770558270e+03,1.000433802604675293e+00
1.452683018008481440e+03,9.997912645339965820e-01
1.452703851244810267e+03,1.000455617904663086e+00
1.452724684479571806e+03,9.998409152030944824e-01
1.452745517712753553e+03,9.996829628944396973e-01
1.452766350944383248e+03,9.992576241493225098e-01
1.452787184174448385e+03,1.000152587890625000e+00
1.452808017402966016e+03,9.998226165771484375e-01
1.452828850629954104e+03,1.000511884689331055e+00
1.452849683855399235e+03,9.996431469917297363e-01
1.452870517079329375e+03,1.000129342079162598e+00
1.452891350301740886e+03,9.997376203536987305e-01
1.452912183522631722e+03,9.999597072601318359e-01
1.452933016742018026e+03,1.000155329704284668e+00
1.452953849959916852e+03,9.996966123580932617e-01
1.452974683176315466e+03,9.997896552085876465e-01
1.452995516391240244e+03,1.000119805335998535e+00
1.453016349604677316e+03,9.995139837265014648e-01
1.453037182816654195e+03,1.000156521797180176e+00
1.453058016027157009e+03,1.000068306922912598e+00
1.453078849236212136e+03,9.998401403427124023e-01
1.453099682443805477e+03,1.000290632247924805e+00
1.453120515649964318e+03,9.994958639144897461e-01
1.453141348854674106e+03,9.999850988388061523e-01
1.453162182057960763e+03,9.997375607490539551e-01
1.453183015259810645e+03,9.999933242797851562e-01
1.453203848460249674e+03,9.999532699584960938e-01
1.453224681659263524e+03,1.000032067298889160e+00
1.453245514856878117e+03,1.000699877738952637e+00
1.453266348053078900e+03,9.999063014984130859e-01
1.453287181247892022e+03,9.998576641082763672e-01
1.453308014441302248e+03,1.000473260879516602e+00
1.453328847633335954e+03,1.000137686729431152e+00
1.453349680823977906e+03,1.000006914138793945e+00
1.453370514013253114e+03,1.000018119812011719e+00
1.453391347201148164e+03,1.000575423240661621e+00
1.453412180387686931e+03,9.999267458915710449e-01
1.453433013572854634e+03,1.000095129013061523e+00
1.453453846756676967e+03,9.998007416725158691e-01
1.453474679939138923e+03,1.000068664550781250e+00
1.453495513120264832e+03,1.000142931938171387e+00
1.453516346300039459e+03,1.000609397888183594e+00
1.453537179478488042e+03,9.994134902954101562e-01
1.453558012655595121e+03,9.999730587005615234e-01
1.453578845831385479e+03,1.000501513481140137e+00
1.453599679005843655e+03,9.998499751091003418e-01
1.453620512178993977e+03,1.000045299530029297e+00
1.453641345350820757e+03,9.998496174812316895e-01
1.453662178521349006e+03,9.998878240585327148e-01
1.453683011690562580e+03,9.998601675033569336e-01
1.453703844858485581e+03,1.000018596649169922e+00
1.453724678025103003e+03,1.000013351440429688e+00
1.453745511190438265e+03,1.000827193260192871e+00
1.453766344354475677e+03,1.000380992889404297e+00
1.453787177517239343e+03,9.994897246360778809e-01
1.453808010678713799e+03,1.000076174736022949e+00
1.453828843838922012e+03,1.000492691993713379e+00
1.453849676997848064e+03,9.995257854461669922e-01
1.453870510155516513e+03,9.997946619987487793e-01
1.453891343311910987e+03,9.998348355293273926e-01
1.453912176467054223e+03,9.998226165771484375e-01
1.453933009620930989e+03,9.992377161979675293e-01
1.453953842773564475e+03,9.997695684432983398e-01
1.453974675924938538e+03,9.995509982109069824e-01
1.454016342223961828e+03,9.997454285621643066e-01
1.454037175371618332e+03,9.998315572738647461e-01
1.454058008518030420e+03,1.000393629074096680e+00
1.454078841663209914e+03,9.999279975891113281e-01
1.454099674807169549e+03,1.000534653663635254e+00
1.454183007370763335e+03,9.998109936714172363e-01
1.454203840508626399e+03,9.995523691177368164e-01
1.454224673645269831e+03,9.996769428253173828e-01
1.454245506780706137e+03,9.996370077133178711e-01
1.454266339914948503e+03,9.990322589874267578e-01
1.454287173047990109e+03,9.993381500244140625e-01
1.454308006179823906e+03,9.990504980087280273e-01
1.454391338695256309e+03,9.474751949310302734e-01
1.454412171821152469e+03,9.286843538284301758e-01
1.454433004945857874e+03,9.147672653198242188e-01
1.454453838069394806e+03,9.080830812454223633e-01
1.454474671191745529e+03,9.104411602020263672e-01
1.454495504312933235e+03,9.203874468803405762e-01
1.454516337432940418e+03,9.367976784706115723e-01
1.454537170551789359e+03,9.567108750343322754e-01
1.454703835460785513e+03,1.000226736068725586e+00
1.454745501676523190e+03,1.000587940216064453e+00
1.454766334782673084e+03,1.000005006790161133e+00
1.454787167887693158e+03,1.000060677528381348e+00
1.454808000991565450e+03,1.000754714012145996e+00
1.454828834094312697e+03,1.000394821166992188e+00
1.454849667195916481e+03,1.000409841537475586e+00
1.454870500296398859e+03,1.000444531440734863e+00
1.454891333395742549e+03,1.000784993171691895e+00
1.454912166493969153e+03,9.998285174369812012e-01
1.454932999591060479e+03,1.000277042388916016e+00
1.454953832687039039e+03,1.000626921653747559e+00
1.454974665781886642e+03,1.000681638717651367e+00
1.454995498875625344e+03,9.998317360877990723e-01
1.455016331968236500e+03,1.000502228736877441e+00
1.455037165059742847e+03,1.000388145446777344e+00
1.455057998150125741e+03,1.000233054161071777e+00
1.455078831239407464e+03,9.993086457252502441e-01
1.455099664327569599e+03,1.000696659088134766e+00
1.455120497414633974e+03,1.000727772712707520e+00
1.455141330500582853e+03,1.000192880630493164e+00
1.455162163585437384e+03,9.998459219932556152e-01
1.455182996669179602e+03,1.000280857086181641e+00
1.455203829751831563e+03,1.000100731849670410e+00
1.455224662833374623e+03,1.000183582305908203e+00
1.455245495913830609e+03,1.000223278999328613e+00
1.455266328993181105e+03,1.000389337539672852e+00
1.455287162071448165e+03,1.000169157981872559e+00
1.455307995148613145e+03,9.995644688606262207e-01
1.455328828224697418e+03,9.998452663421630859e-01
1.455349661299683248e+03,1.000040054321289062e+00
1.455370494373592010e+03,1.000063538551330566e+00
1.455391327446405057e+03,1.000221490859985352e+00
1.455412160518143992e+03,1.000140070915222168e+00
1.455432993588791078e+03,9.999102354049682617e-01
1.455453826658366552e+03,9.995577931404113770e-01
1.455474659726853133e+03,1.000429272651672363e+00
1.455495492794271740e+03,1.000352382659912109e+00
1.455516325860603956e+03,1.000125408172607422e+00
1.455537158925871609e+03,1.000208616256713867e+00
1.455557991990055598e+03,9.995875358581542969e-01
1.455578825053177525e+03,9.999303817749023438e-01
1.455599658115219199e+03,9.997422695159912109e-01
1.455620491176201540e+03,1.000239133834838867e+00
1.455641324236106129e+03,1.000084042549133301e+00
1.455662157294954568e+03,1.000551939010620117e+00
1.455682990352727984e+03,1.000220775604248047e+00
1.455703823409447750e+03,1.000312685966491699e+00
1.455724656465094995e+03,1.000244140625000000e+00
1.455745489519691546e+03,9.999641776084899902e-01
1.455766322573218531e+03,9.999474287033081055e-01
1.455787155625697096e+03,9.995939731597900391e-01
1.455807988677108369e+03,9.999462962150573730e-01
1.455828821727473951e+03,9.997737407684326172e-01
1.455849654776775424e+03,9.930382370948791504e-01
1.455870487825033251e+03,9.747220873832702637e-01
1.455891320872239021e+03,9.519695043563842773e-01
1.455912153918384092e+03,9.294551610946655273e-01
1.455932986963479607e+03,9.122978448867797852e-01
1.455953820007536706e+03,9.054188132286071777e-01
1.455974653050536290e+03,9.106319546699523926e-01
1.455995486092500187e+03,9.262645244598388672e-01
1.456016319133419074e+03,9.482735395431518555e-01
1.456037152173284085e+03,9.710775017738342285e-01
1.456057985212116591e+03,9.908599853515625000e-01
1.456078818249897722e+03,1.000239729881286621e+00
1.456099651286648395e+03,9.999763369560241699e-01
1.456120484322349512e+03,9.998484849929809570e-01
1.456141317357022672e+03,1.000494480133056641e+00
1.456162150390648321e+03,9.999555349349975586e-01
1.456182983423248288e+03,1.000121951103210449e+00
1.456203816454803700e+03,1.000016808509826660e+00
1.456224649485334339e+03,9.999814629554748535e-01
1.456245482514822470e+03,1.000507473945617676e+00
1.456266315543288783e+03,1.000824093818664551e+00
1.456287148570714180e+03,1.000284552574157715e+00
1.456307981597119806e+03,1.000160098075866699e+00
1.456328814622486561e+03,1.000027775764465332e+00
1.456349647646835365e+03,1.000579833984375000e+00
1.456370480670147117e+03,1.000190138816833496e+00
1.456391313692443191e+03,1.000109314918518066e+00
1.456412146713704260e+03,9.999722838401794434e-01
1.456432979733951015e+03,1.000152111053466797e+00
1.456453812753164812e+03,1.000366449356079102e+00
1.456474645771366568e+03,9.997307062149047852e-01
1.456495478788536730e+03,9.997490048408508301e-01
1.456516311804696670e+03,1.000264286994934082e+00
1.456537144819827517e+03,1.000312328338623047e+00
1.456557977833949735e+03,1.000181913375854492e+00
1.456578810847043542e+03,1.000073075294494629e+00
1.456599643859131220e+03,1.000138163566589355e+00
1.456620476870202538e+03,1.000202178955078125e+00
1.456641309880249082e+03,1.000362277030944824e+00
1.456662142889281540e+03,1.000457525253295898e+00
1.456682975897310143e+03,1.000069499015808105e+00
1.456703808904316475e+03,9.997552633285522461e-01
1.456724641910321225e+03,9.997320771217346191e-01
1.456745474915314844e+03,1.000367522239685059e+00
1.456766307919288010e+03,9.999987483024597168e-01
1.456787140922262324e+03,9.994686841964721680e-01
1.456807973924218004e+03,9.990401864051818848e-01
1.456828806925175513e+03,9.993268847465515137e-01
1.456849639925116435e+03,9.993979930877685547e-01
1.456912138918924484e+03,9.991226196289062500e-01
1.456932971914844529e+03,9.991170763969421387e-01
1.456953804909771634e+03,9.991315007209777832e-01
1.456974637903686698e+03,9.990769624710083008e-01
1.456995470896609504e+03,9.992141723632812500e-01
1.457016303888520952e+03,9.988158345222473145e-01
1.457037136879442414e+03,9.995013475418090820e-01
1.457057969869354338e+03,9.992585778236389160e-01
1.457099635846191404e+03,9.994363784790039062e-01
1.457120468833118366e+03,9.986791610717773438e-01
1.457141301819038063e+03,9.987802505493164062e-01
1.457162134803971867e+03,9.999541044235229492e-01
1.457182967787899770e+03,9.987021088600158691e-01
1.457224633752791306e+03,9.988492727279663086e-01
1.457245466733736521e+03,9.987010359764099121e-01
1.457266299713688113e+03,9.987730979919433594e-01
1.457287132692657906e+03,9.991031885147094727e-01
1.457307965670625890e+03,9.987124204635620117e-01
1.457328798647612530e+03,9.990535974502563477e-01
1.457349631623598043e+03,9.992285966873168945e-01
1.457703792064447498e+03,1.000365257263183594e+00
1.457724625022709688e+03,1.000169277191162109e+00
1.457745457979991897e+03,1.000360369682312012e+00
1.457766290936284349e+03,1.000163078308105469e+00
1.457787123891597503e+03,9.999572038650512695e-01
1.457807956845942272e+03,1.000257015228271484e+00
1.457828789799298647e+03,1.000148773193359375e+00
1.457849622751687093e+03,1.000624418258666992e+00
1.457870455703098287e+03,1.000111341476440430e+00
1.457891288653522679e+03,1.000205039978027344e+00
1.457912121602980960e+03,1.000869750976562500e+00
1.457932954551452895e+03,1.000495553016662598e+00
1.457953787498959628e+03,1.000473976135253906e+00
1.457974620445480696e+03,1.000558495521545410e+00
1.457995453391037927e+03,9.998444914817810059e-01
1.458016286335611085e+03,9.994834661483764648e-01
1.458037119279220178e+03,1.000456213951110840e+00
1.458057952221845653e+03,1.000184178352355957e+00
1.458078785163508655e+03,1.000212073326110840e+00
1.458099618104189403e+03,9.997807741165161133e-01
1.458120451043907451e+03,1.000243544578552246e+00
1.458141283982644154e+03,1.000602722167968750e+00
1.458162116920419521e+03,1.000723600387573242e+00
1.458182949857213998e+03,1.000170350074768066e+00
1.458203782793048276e+03,1.000350713729858398e+00
1.458224615727912351e+03,9.997951388359069824e-01
1.458245448661796672e+03,1.000039577484130859e+00
1.458266281594721704e+03,1.000589370727539062e+00
1.458287114526667665e+03,1.000464916229248047e+00
1.458307947457645241e+03,1.000080108642578125e+00
1.458328780387664210e+03,1.000429749488830566e+00
1.458349613316715704e+03,1.000199556350708008e+00
1.458370446244789946e+03,1.000015020370483398e+00
1.458391279171906717e+03,1.000736236572265625e+00
1.458412112098046464e+03,1.000275254249572754e+00
1.458432945023230104e+03,1.000049710273742676e+00
1.458453777947437857e+03,1.000093817710876465e+00
1.458474610870689276e+03,1.000380754470825195e+00
1.458495443792965489e+03,1.000263810157775879e+00
1.458537109634633225e+03,1.000169992446899414e+00
1.458557942554025203e+03,9.999364614486694336e-01
1.458578775472442885e+03,1.000200271606445312e+00
1.458599608389906962e+03,1.000286340713500977e+00
1.458620441306407656e+03,1.000220656394958496e+00
1.458641274221934964e+03,9.999824762344360352e-01
1.458662107136509576e+03,1.000473737716674805e+00
1.458682940050111029e+03,9.999961256980895996e-01
1.458703772962750918e+03,1.000018000602722168e+00
1.458724605874438339e+03,1.000409364700317383e+00
1.458745438785164424e+03,1.000318646430969238e+00
1.458766271694918714e+03,1.000310301780700684e+00
1.458787104603721900e+03,9.999701380729675293e-01
1.458807937511554655e+03,1.000171542167663574e+00
1.458828770418436306e+03,9.994877576828002930e-01
1.458849603324347754e+03,1.000387549400329590e+00
1.458870436229309234e+03,1.000371217727661133e+00
1.458891269133300966e+03,1.000181794166564941e+00
1.458912102036380020e+03,1.000028133392333984e+00
1.458932934938486142e+03,1.000048756599426270e+00
1.458953767839610919e+03,1.000194191932678223e+00
1.458974600739766856e+03,1.000044345855712891e+00
1.458995433638974191e+03,1.000150203704833984e+00
1.459016266537223373e+03,1.000049710273742676e+00
1.459037099434504171e+03,1.000007271766662598e+00
1.459057932330837730e+03,9.999042749404907227e-01
1.459078765226203814e+03,1.000702977180480957e+00
1.459099598120622659e+03,1.000435352325439453e+00
1.459120431014073802e+03,1.000826716423034668e+00
1.459141263906578615e+03,1.000459194183349609e+00
1.459162096798116863e+03,1.000744700431823730e+00
1.459182929688708327e+03,1.000461697578430176e+00
1.459203762578333908e+03,1.000562787055969238e+00
1.459224595467013842e+03,1.000612378120422363e+00
1.459245428354727437e+03,1.000505447387695312e+00
1.459266261241496068e+03,1.000407099723815918e+00
1.459287094127299270e+03,1.000395655632019043e+00
1.459307927012157506e+03,1.000622034072875977e+00
1.459328759896060546e+03,1.000441074371337891e+00
1.459349592778999067e+03,1.000267028808593750e+00
1.459370425660993305e+03,1.000303626060485840e+00
1.459391258542022570e+03,1.000357389450073242e+00
1.459412091422108460e+03,1.000729680061340332e+00
1.459432924301230514e+03,9.999375939369201660e-01
1.459453757179408740e+03,1.000101804733276367e+00
1.459474590056623128e+03,1.000407695770263672e+00
1.459495422932894598e+03,1.000652790069580078e+00
1.459516255808203141e+03,9.997123479843139648e-01
1.459537088682568083e+03,1.000354170799255371e+00
1.459557921555970552e+03,9.999013543128967285e-01
1.459578754428430329e+03,9.999725818634033203e-01
1.459599587299928089e+03,1.000619530677795410e+00
1.459620420170483385e+03,1.000103473663330078e+00
1.459641253040086895e+03,1.000009298324584961e+00
1.459662085908728159e+03,9.998195767402648926e-01
1.459682918776427869e+03,9.999754428863525391e-01
1.459703751643166243e+03,9.997376799583435059e-01
1.459724584508962835e+03,9.997956156730651855e-01
1.459766250237693157e+03,9.994730353355407715e-01
1.459787083100626887e+03,9.996840953826904297e-01
1.459807915962620200e+03,9.994632601737976074e-01
1.459828748823652177e+03,9.998627305030822754e-01
1.459849581683744418e+03,9.995408058166503906e-01
1.459870414542876915e+03,9.993506073951721191e-01
1.459912080258300421e+03,9.994522929191589355e-01
1.459932913114592793e+03,9.990289211273193359e-01
1.459953745969935653e+03,9.995368719100952148e-01
1.459974578824318769e+03,9.998610019683837891e-01
1.459995411677763059e+03,9.991900920867919922e-01
1.460037077381794234e+03,9.992748498916625977e-01
1.460057910232381346e+03,9.993878602981567383e-01
1.460078743082030087e+03,9.993914961814880371e-01
1.460099575930719766e+03,9.995042681694030762e-01
1.460120408778471756e+03,9.993286132812500000e-01
1.460141241625265593e+03,9.994981884956359863e-01
1.460162074471121514e+03,9.988490939140319824e-01
1.460182907316018827e+03,9.989138245582580566e-01
1.460224573002982197e+03,9.995734691619873047e-01
1.460245405845046889e+03,9.994553923606872559e-01
1.460266238686155020e+03,9.987204074859619141e-01
1.460287071526326145e+03,9.993073940277099609e-01
1.460307904365550485e+03,9.992193579673767090e-01
1.460328737203817809e+03,9.991645216941833496e-01
1.460349570041148581e+03,9.987505078315734863e-01
1.460370402877523020e+03,9.989192485809326172e-01
1.460391235712961361e+03,9.987959861755371094e-01
1.460432901380990188e+03,9.989532828330993652e-01
1.460474567045235744e+03,9.993929862976074219e-01
1.460495399875936073e+03,9.991444945335388184e-01
1.460516232705700759e+03,9.986941814422607422e-01
1.460703728131043817e+03,1.000597000122070312e+00
1.460724560951357944e+03,1.000114202499389648e+00
1.460745393770739383e+03,1.000382900238037109e+00
1.460766226589168127e+03,1.000206828117370605e+00
1.460787059406664412e+03,1.000583291053771973e+00
1.460807892223218687e+03,1.000060915946960449e+00
1.460828725038820721e+03,9.999215006828308105e-01
1.460849557853491433e+03,1.000469684600830078e+00
1.460870390667211268e+03,1.000562667846679688e+00
1.460891223479999326e+03,9.999956488609313965e-01
1.460912056291836734e+03,1.000010132789611816e+00
1.460932889102743957e+03,9.999183416366577148e-01
1.460953721912700757e+03,1.000332593917846680e+00
1.460974554721727600e+03,9.999224543571472168e-01
1.460995387529805157e+03,1.000188708305358887e+00
1.461016220336953438e+03,1.000374674797058105e+00
1.461037053143152662e+03,1.000027894973754883e+00
1.461057885948423518e+03,1.000597119331359863e+00
1.461078718752756231e+03,1.000274777412414551e+00
1.461099551556141023e+03,1.000314474105834961e+00
1.461120384358598130e+03,1.000174999237060547e+00
1.461141217160108909e+03,1.000173926353454590e+00
1.461162049960692684e+03,1.000643491744995117e+00
1.461182882760330131e+03,1.000436305999755859e+00
1.461203715559042166e+03,9.997921586036682129e-01
1.461224548356809009e+03,9.923048019409179688e-01
1.461245381153650669e+03,9.740601181983947754e-01
1.461266213949548273e+03,9.529173374176025391e-01
1.461287046744522286e+03,9.316493272781372070e-01
1.461307879538562929e+03,9.168026447296142578e-01
1.461328712331660654e+03,9.110571146011352539e-01
1.461349545123836378e+03,9.165529012680053711e-01
1.461370377915070549e+03,9.310632944107055664e-01
1.461391210705383855e+03,9.525453448295593262e-01
1.461412043494756745e+03,9.735455513000488281e-01
1.461432876283210135e+03,9.914178848266601562e-01
1.461453709070724017e+03,1.000015258789062500e+00
1.461474541857319764e+03,9.999330639839172363e-01
1.461495374642978504e+03,1.000191330909729004e+00
1.461516207427719792e+03,1.000588893890380859e+00
1.461537040211525209e+03,1.000201582908630371e+00
1.461557872994415675e+03,9.996240735054016113e-01
1.461578705776396646e+03,1.000071644783020020e+00
1.461599538557443111e+03,1.000029563903808594e+00
1.461620371337563029e+03,1.000383019447326660e+00
1.461641204116751169e+03,9.999428391456604004e-01
1.461662036895028905e+03,1.000249624252319336e+00
1.461682869672376910e+03,1.000246047973632812e+00
1.461703702448816330e+03,1.000014901161193848e+00
1.461724535224328065e+03,1.000128149986267090e+00
1.461745367998933716e+03,9.997071623802185059e-01
1.461766200772613729e+03,9.917746782302856445e-01
1.461787033545390159e+03,9.750696420669555664e-01
1.461807866317253911e+03,9.543567299842834473e-01
1.461828699088196117e+03,9.336770772933959961e-01
1.461849531858238606e+03,9.165278077125549316e-01
1.461870364627362733e+03,9.065820574760437012e-01
1.461891197395589415e+03,9.065138101577758789e-01
1.461912030162900919e+03,9.150143265724182129e-01
1.461932862929318617e+03,9.319316148757934570e-01
1.461953695694824091e+03,9.523374438285827637e-01
1.461974528459438943e+03,9.737960696220397949e-01
1.461995361223145437e+03,9.908319711685180664e-01
1.462016193985965401e+03,9.998321533203125000e-01
1.462037026747890422e+03,1.000101208686828613e+00
1.462057859508912770e+03,1.000507712364196777e+00
1.462078692269054500e+03,1.000496268272399902e+00
1.462099525028298331e+03,1.000084042549133301e+00
1.462120357786665636e+03,9.998753666877746582e-01
1.462141190544139590e+03,1.000020503997802734e+00
1.462162023300742703e+03,9.997640848159790039e-01
1.462182856056456785e+03,1.000688910484313965e+00
1.462203688811305710e+03,1.000621318817138672e+00
1.462224521565271971e+03,1.000015854835510254e+00
1.462245354318377395e+03,1.000587463378906250e+00
1.462266187070616752e+03,1.000301003456115723e+00
1.462287019821982312e+03,1.000337362289428711e+00
1.462307852572497495e+03,1.000153303146362305e+00
1.462328685322146157e+03,1.000866532325744629e+00
1.462349518070951717e+03,1.000421047210693359e+00
1.462370350818897805e+03,1.000611901283264160e+00
1.462391183566008749e+03,1.000795722007751465e+00
1.462412016312278638e+03,1.000076770782470703e+00
1.462432849057701787e+03,9.998769164085388184e-01
1.462453681802302526e+03,1.000106215476989746e+00
1.462474514546065393e+03,9.994996190071105957e-01
1.462495347289015626e+03,1.000817179679870605e+00
1.462516180031138674e+03,9.995952844619750977e-01
1.462537012772459320e+03,9.999129772186279297e-01
1.462557845512963468e+03,9.995847344398498535e-01
1.462578678252677491e+03,9.997891187667846680e-01
1.462599510991586840e+03,9.991303682327270508e-01
1.462620343729718115e+03,1.000053048133850098e+00
1.462641176467068362e+03,9.999215006828308105e-01
1.462662009203633943e+03,9.996904730796813965e-01
1.462682841939443051e+03,9.992998838424682617e-01
1.462703674674482727e+03,9.993617534637451172e-01
1.462724507408781392e+03,9.993337988853454590e-01
1.462745340142327450e+03,9.989917874336242676e-01
1.462766172875149778e+03,9.993517994880676270e-01
1.462787005607237461e+03,1.000075340270996094e+00
1.462807838338620741e+03,9.996199011802673340e-01
1.462828671069289385e+03,9.997094869613647461e-01
1.462849503799273862e+03,9.996625781059265137e-01
1.462870336528575990e+03,9.992843270301818848e-01
1.462912001985170264e+03,9.991228580474853516e-01
1.462932834712488102e+03,9.993969202041625977e-01
1.462953667439183846e+03,9.993470311164855957e-01
1.462974500165252266e+03,9.990518093109130859e-01
1.462995332890728378e+03,9.992178082466125488e-01
1.463016165615607861e+03,9.993242025375366211e-01
1.463036998339927777e+03,9.995893836021423340e-01
1.463057831063684944e+03,9.992414116859436035e-01
1.463078663786918696e+03,9.990965723991394043e-01
1.463099496509638129e+03,9.988808631896972656e-01
1.463120329231853248e+03,9.990574121475219727e-01
1.463141161953606343e+03,9.995722174644470215e-01
1.463161994674899688e+03,9.990919232368469238e-01
1.463182827395777167e+03,9.988681674003601074e-01
1.463203660116244464e+03,9.992282986640930176e-01
1.463224492836348190e+03,9.989049434661865234e-01
1.463245325556096077e+03,9.991190433502197266e-01
1.463266158275538373e+03,9.990843534469604492e-01
1.463286990994696225e+03,9.986241459846496582e-01
1.463307823713592370e+03,9.988875985145568848e-01
1.463328656432282514e+03,9.991834759712219238e-01
1.463349489150783484e+03,9.994024634361267090e-01
